sensor,waspid,value,meshliumtime
PRES,SmartCities,85168.69,2019-05-13T15:09:44.0000000Z
HUM,SmartCities,64.1,2019-05-13T15:09:44.0000000Z
TC,SmartCities,24.44,2019-05-13T15:09:44.0000000Z
BAT,SmartCities,85,2019-05-13T15:09:43.0000000Z
SOILTC,SmartAgriculture,24.44,2019-05-13T15:09:47.0000000Z
LUX,SmartAgriculture,289,2019-05-13T15:09:47.0000000Z
BAT,SmartAgriculture,90,2019-05-13T15:09:47.0000000Z
NOISE,SmartCities,72.39,2019-05-13T15:09:54.0000000Z
US,SmartCities,765,2019-05-13T15:09:54.0000000Z
PM10,SmartCities,6.99,2019-05-13T15:09:54.0000000Z
PM2_5,SmartCities,6.88,2019-05-13T15:09:54.0000000Z
PM1,SmartCities,6.01,2019-05-13T15:09:54.0000000Z
SOILTC,SmartAgriculture,24.44,2019-05-13T15:10:02.0000000Z
LUX,SmartAgriculture,288,2019-05-13T15:10:02.0000000Z
BAT,SmartAgriculture,90,2019-05-13T15:10:02.0000000Z
SOILTC,SmartAgriculture,24.44,2019-05-13T15:10:17.0000000Z
LUX,SmartAgriculture,288,2019-05-13T15:10:17.0000000Z
BAT,SmartAgriculture,90,2019-05-13T15:10:17.0000000Z
SOILTC,SmartAgriculture,24.44,2019-05-13T15:10:32.0000000Z
LUX,SmartAgriculture,288,2019-05-13T15:10:32.0000000Z
BAT,SmartAgriculture,90,2019-05-13T15:10:32.0000000Z
PRES,SmartCities,85168.69,2019-05-13T15:10:44.0000000Z
HUM,SmartCities,64.6,2019-05-13T15:10:44.0000000Z
TC,SmartCities,24.44,2019-05-13T15:10:44.0000000Z
BAT,SmartCities,85,2019-05-13T15:10:44.0000000Z
SOILTC,SmartAgriculture,24.5,2019-05-13T15:10:48.0000000Z
LUX,SmartAgriculture,287,2019-05-13T15:10:48.0000000Z
BAT,SmartAgriculture,90,2019-05-13T15:10:48.0000000Z
NOISE,SmartCities,72.01,2019-05-13T15:10:57.0000000Z
US,SmartCities,765,2019-05-13T15:10:57.0000000Z
PM10,SmartCities,7.05,2019-05-13T15:10:57.0000000Z
PM2_5,SmartCities,6.62,2019-05-13T15:10:57.0000000Z
PM1,SmartCities,5.72,2019-05-13T15:10:57.0000000Z
SOILTC,SmartAgriculture,24.44,2019-05-13T15:11:03.0000000Z
LUX,SmartAgriculture,288,2019-05-13T15:11:03.0000000Z
BAT,SmartAgriculture,90,2019-05-13T15:11:03.0000000Z
SOILTC,SmartAgriculture,24.44,2019-05-13T15:11:18.0000000Z
LUX,SmartAgriculture,288,2019-05-13T15:11:18.0000000Z
BAT,SmartAgriculture,90,2019-05-13T15:11:18.0000000Z
SOILTC,SmartAgriculture,24.5,2019-05-13T15:11:33.0000000Z
LUX,SmartAgriculture,288,2019-05-13T15:11:33.0000000Z
BAT,SmartAgriculture,90,2019-05-13T15:11:33.0000000Z
PRES,SmartCities,85163.38,2019-05-13T15:11:45.0000000Z
HUM,SmartCities,64.7,2019-05-13T15:11:45.0000000Z
TC,SmartCities,24.44,2019-05-13T15:11:45.0000000Z
BAT,SmartCities,85,2019-05-13T15:11:45.0000000Z
SOILTC,SmartAgriculture,24.5,2019-05-13T15:11:48.0000000Z
LUX,SmartAgriculture,287,2019-05-13T15:11:48.0000000Z
BAT,SmartAgriculture,90,2019-05-13T15:11:48.0000000Z
NOISE,SmartCities,71.98,2019-05-13T15:11:55.0000000Z
US,SmartCities,765,2019-05-13T15:11:55.0000000Z
PM10,SmartCities,6.16,2019-05-13T15:11:55.0000000Z
PM2_5,SmartCities,6.08,2019-05-13T15:11:55.0000000Z
PM1,SmartCities,5.09,2019-05-13T15:11:55.0000000Z
SOILTC,SmartAgriculture,24.5,2019-05-13T15:12:03.0000000Z
LUX,SmartAgriculture,287,2019-05-13T15:12:03.0000000Z
BAT,SmartAgriculture,90,2019-05-13T15:12:03.0000000Z
SOILTC,SmartAgriculture,24.5,2019-05-13T15:12:18.0000000Z
LUX,SmartAgriculture,152,2019-05-13T15:12:18.0000000Z
BAT,SmartAgriculture,90,2019-05-13T15:12:18.0000000Z
SOILTC,SmartAgriculture,24.5,2019-05-13T15:12:33.0000000Z
LUX,SmartAgriculture,287,2019-05-13T15:12:33.0000000Z
BAT,SmartAgriculture,90,2019-05-13T15:12:33.0000000Z
PRES,SmartCities,85166.03,2019-05-13T15:12:42.0000000Z
HUM,SmartCities,64.6,2019-05-13T15:12:42.0000000Z
TC,SmartCities,24.45,2019-05-13T15:12:42.0000000Z
BAT,SmartCities,85,2019-05-13T15:12:41.0000000Z
SOILTC,SmartAgriculture,24.5,2019-05-13T15:12:49.0000000Z
LUX,SmartAgriculture,288,2019-05-13T15:12:49.0000000Z
BAT,SmartAgriculture,90,2019-05-13T15:12:49.0000000Z
NOISE,SmartCities,71.85,2019-05-13T15:12:52.0000000Z
US,SmartCities,765,2019-05-13T15:12:52.0000000Z
PM10,SmartCities,7.06,2019-05-13T15:12:52.0000000Z
PM2_5,SmartCities,6.72,2019-05-13T15:12:52.0000000Z
PM1,SmartCities,5.74,2019-05-13T15:12:52.0000000Z
SOILTC,SmartAgriculture,24.5,2019-05-13T15:13:04.0000000Z
LUX,SmartAgriculture,286,2019-05-13T15:13:04.0000000Z
BAT,SmartAgriculture,90,2019-05-13T15:13:04.0000000Z
SOILTC,SmartAgriculture,24.5,2019-05-13T15:13:19.0000000Z
LUX,SmartAgriculture,287,2019-05-13T15:13:19.0000000Z
BAT,SmartAgriculture,90,2019-05-13T15:13:19.0000000Z
SOILTC,SmartAgriculture,24.5,2019-05-13T15:13:34.0000000Z
LUX,SmartAgriculture,288,2019-05-13T15:13:34.0000000Z
BAT,SmartAgriculture,90,2019-05-13T15:13:34.0000000Z
PRES,SmartCities,85163.63,2019-05-13T15:13:39.0000000Z
HUM,SmartCities,64.9,2019-05-13T15:13:39.0000000Z
TC,SmartCities,24.46,2019-05-13T15:13:39.0000000Z
BAT,SmartCities,85,2019-05-13T15:13:39.0000000Z
NOISE,SmartCities,73.52,2019-05-13T15:13:49.0000000Z
US,SmartCities,118,2019-05-13T15:13:49.0000000Z
PM10,SmartCities,5.62,2019-05-13T15:13:49.0000000Z
PM2_5,SmartCities,5.59,2019-05-13T15:13:49.0000000Z
PM1,SmartCities,4.91,2019-05-13T15:13:49.0000000Z
SOILTC,SmartAgriculture,24.5,2019-05-13T15:13:49.0000000Z
LUX,SmartAgriculture,286,2019-05-13T15:13:49.0000000Z
BAT,SmartAgriculture,90,2019-05-13T15:13:49.0000000Z
SOILTC,SmartAgriculture,24.5,2019-05-13T15:14:04.0000000Z
LUX,SmartAgriculture,286,2019-05-13T15:14:04.0000000Z
BAT,SmartAgriculture,90,2019-05-13T15:14:04.0000000Z
SOILTC,SmartAgriculture,24.5,2019-05-13T15:14:19.0000000Z
LUX,SmartAgriculture,288,2019-05-13T15:14:19.0000000Z
BAT,SmartAgriculture,90,2019-05-13T15:14:19.0000000Z
SOILTC,SmartAgriculture,24.5,2019-05-13T15:14:34.0000000Z
LUX,SmartAgriculture,288,2019-05-13T15:14:34.0000000Z
BAT,SmartAgriculture,90,2019-05-13T15:14:34.0000000Z
PRES,SmartCities,85164.34,2019-05-13T15:14:36.0000000Z
HUM,SmartCities,64.7,2019-05-13T15:14:36.0000000Z
TC,SmartCities,24.47,2019-05-13T15:14:36.0000000Z
BAT,SmartCities,85,2019-05-13T15:14:36.0000000Z
NOISE,SmartCities,74.82,2019-05-13T15:14:47.0000000Z
US,SmartCities,765,2019-05-13T15:14:47.0000000Z
PM10,SmartCities,9.32,2019-05-13T15:14:47.0000000Z
PM2_5,SmartCities,5.8,2019-05-13T15:14:47.0000000Z
PM1,SmartCities,4.94,2019-05-13T15:14:47.0000000Z
SOILTC,SmartAgriculture,24.56,2019-05-13T15:14:50.0000000Z
LUX,SmartAgriculture,288,2019-05-13T15:14:50.0000000Z
BAT,SmartAgriculture,90,2019-05-13T15:14:50.0000000Z
SOILTC,SmartAgriculture,24.5,2019-05-13T15:15:05.0000000Z
LUX,SmartAgriculture,231,2019-05-13T15:15:05.0000000Z
BAT,SmartAgriculture,90,2019-05-13T15:15:05.0000000Z
SOILTC,SmartAgriculture,24.56,2019-05-13T15:15:20.0000000Z
LUX,SmartAgriculture,289,2019-05-13T15:15:20.0000000Z
BAT,SmartAgriculture,90,2019-05-13T15:15:20.0000000Z
PRES,SmartCities,85160.77,2019-05-13T15:15:34.0000000Z
HUM,SmartCities,64.9,2019-05-13T15:15:34.0000000Z
TC,SmartCities,24.48,2019-05-13T15:15:34.0000000Z
BAT,SmartCities,85,2019-05-13T15:15:34.0000000Z
SOILTC,SmartAgriculture,24.56,2019-05-13T15:15:35.0000000Z
LUX,SmartAgriculture,289,2019-05-13T15:15:35.0000000Z
BAT,SmartAgriculture,90,2019-05-13T15:15:35.0000000Z
NOISE,SmartCities,73.88,2019-05-13T15:15:44.0000000Z
US,SmartCities,765,2019-05-13T15:15:44.0000000Z
PM10,SmartCities,5.81,2019-05-13T15:15:44.0000000Z
PM2_5,SmartCities,5.8,2019-05-13T15:15:44.0000000Z
PM1,SmartCities,5.23,2019-05-13T15:15:44.0000000Z
SOILTC,SmartAgriculture,24.56,2019-05-13T15:15:50.0000000Z
LUX,SmartAgriculture,289,2019-05-13T15:15:50.0000000Z
BAT,SmartAgriculture,90,2019-05-13T15:15:50.0000000Z
SOILTC,SmartAgriculture,24.5,2019-05-13T15:16:05.0000000Z
LUX,SmartAgriculture,289,2019-05-13T15:16:05.0000000Z
BAT,SmartAgriculture,90,2019-05-13T15:16:05.0000000Z
SOILTC,SmartAgriculture,24.56,2019-05-13T15:16:20.0000000Z
LUX,SmartAgriculture,289,2019-05-13T15:16:20.0000000Z
BAT,SmartAgriculture,90,2019-05-13T15:16:20.0000000Z
PRES,SmartCities,85164.87,2019-05-13T15:16:31.0000000Z
HUM,SmartCities,64.6,2019-05-13T15:16:31.0000000Z
TC,SmartCities,24.5,2019-05-13T15:16:31.0000000Z
BAT,SmartCities,85,2019-05-13T15:16:31.0000000Z
SOILTC,SmartAgriculture,24.5,2019-05-13T15:16:35.0000000Z
LUX,SmartAgriculture,288,2019-05-13T15:16:35.0000000Z
BAT,SmartAgriculture,90,2019-05-13T15:16:35.0000000Z
NOISE,SmartCities,74.32,2019-05-13T15:16:42.0000000Z
US,SmartCities,765,2019-05-13T15:16:42.0000000Z
PM10,SmartCities,9.95,2019-05-13T15:16:42.0000000Z
PM2_5,SmartCities,6.89,2019-05-13T15:16:42.0000000Z
PM1,SmartCities,5.78,2019-05-13T15:16:42.0000000Z
SOILTC,SmartAgriculture,24.5,2019-05-13T15:16:51.0000000Z
LUX,SmartAgriculture,285,2019-05-13T15:16:51.0000000Z
BAT,SmartAgriculture,90,2019-05-13T15:16:51.0000000Z
SOILTC,SmartAgriculture,24.56,2019-05-13T15:17:06.0000000Z
LUX,SmartAgriculture,286,2019-05-13T15:17:06.0000000Z
BAT,SmartAgriculture,90,2019-05-13T15:17:06.0000000Z
SOILTC,SmartAgriculture,24.56,2019-05-13T15:17:21.0000000Z
LUX,SmartAgriculture,278,2019-05-13T15:17:21.0000000Z
BAT,SmartAgriculture,90,2019-05-13T15:17:21.0000000Z
PRES,SmartCities,85156.2,2019-05-13T15:17:29.0000000Z
HUM,SmartCities,65.4,2019-05-13T15:17:29.0000000Z
TC,SmartCities,24.5,2019-05-13T15:17:29.0000000Z
BAT,SmartCities,85,2019-05-13T15:17:29.0000000Z
SOILTC,SmartAgriculture,24.63,2019-05-13T15:17:36.0000000Z
LUX,SmartAgriculture,288,2019-05-13T15:17:36.0000000Z
BAT,SmartAgriculture,90,2019-05-13T15:17:36.0000000Z
NOISE,SmartCities,68.79,2019-05-13T15:17:39.0000000Z
US,SmartCities,99,2019-05-13T15:17:39.0000000Z
PM10,SmartCities,6.98,2019-05-13T15:17:39.0000000Z
PM2_5,SmartCities,6.55,2019-05-13T15:17:39.0000000Z
PM1,SmartCities,5.61,2019-05-13T15:17:39.0000000Z
SOILTC,SmartAgriculture,24.56,2019-05-13T15:17:51.0000000Z
LUX,SmartAgriculture,288,2019-05-13T15:17:51.0000000Z
BAT,SmartAgriculture,90,2019-05-13T15:17:51.0000000Z
SOILTC,SmartAgriculture,24.56,2019-05-13T15:18:06.0000000Z
LUX,SmartAgriculture,287,2019-05-13T15:18:06.0000000Z
BAT,SmartAgriculture,90,2019-05-13T15:18:06.0000000Z
SOILTC,SmartAgriculture,24.56,2019-05-13T15:18:21.0000000Z
LUX,SmartAgriculture,287,2019-05-13T15:18:21.0000000Z
BAT,SmartAgriculture,90,2019-05-13T15:18:21.0000000Z
PRES,SmartCities,85153.05,2019-05-13T15:18:26.0000000Z
HUM,SmartCities,64.5,2019-05-13T15:18:26.0000000Z
TC,SmartCities,24.51,2019-05-13T15:18:26.0000000Z
BAT,SmartCities,85,2019-05-13T15:18:26.0000000Z
SOILTC,SmartAgriculture,24.63,2019-05-13T15:18:36.0000000Z
LUX,SmartAgriculture,288,2019-05-13T15:18:36.0000000Z
BAT,SmartAgriculture,90,2019-05-13T15:18:36.0000000Z
NOISE,SmartCities,64.47,2019-05-13T15:18:37.0000000Z
US,SmartCities,765,2019-05-13T15:18:37.0000000Z
PM10,SmartCities,8.16,2019-05-13T15:18:37.0000000Z
PM2_5,SmartCities,6.58,2019-05-13T15:18:37.0000000Z
PM1,SmartCities,5.25,2019-05-13T15:18:37.0000000Z
SOILTC,SmartAgriculture,24.56,2019-05-13T15:18:52.0000000Z
LUX,SmartAgriculture,288,2019-05-13T15:18:52.0000000Z
BAT,SmartAgriculture,90,2019-05-13T15:18:52.0000000Z
SOILTC,SmartAgriculture,24.56,2019-05-13T15:19:07.0000000Z
LUX,SmartAgriculture,288,2019-05-13T15:19:07.0000000Z
BAT,SmartAgriculture,90,2019-05-13T15:19:07.0000000Z
PRES,SmartCities,85159.09,2019-05-13T15:19:23.0000000Z
HUM,SmartCities,64.5,2019-05-13T15:19:23.0000000Z
TC,SmartCities,24.52,2019-05-13T15:19:23.0000000Z
BAT,SmartCities,85,2019-05-13T15:19:23.0000000Z
SOILTC,SmartAgriculture,24.56,2019-05-13T15:19:22.0000000Z
LUX,SmartAgriculture,287,2019-05-13T15:19:22.0000000Z
BAT,SmartAgriculture,90,2019-05-13T15:19:22.0000000Z
NOISE,SmartCities,62.76,2019-05-13T15:19:34.0000000Z
US,SmartCities,61,2019-05-13T15:19:34.0000000Z
PM10,SmartCities,6.66,2019-05-13T15:19:34.0000000Z
PM2_5,SmartCities,6.14,2019-05-13T15:19:34.0000000Z
PM1,SmartCities,5.06,2019-05-13T15:19:34.0000000Z
SOILTC,SmartAgriculture,24.56,2019-05-13T15:19:37.0000000Z
LUX,SmartAgriculture,286,2019-05-13T15:19:37.0000000Z
BAT,SmartAgriculture,90,2019-05-13T15:19:37.0000000Z
SOILTC,SmartAgriculture,24.56,2019-05-13T15:19:52.0000000Z
LUX,SmartAgriculture,286,2019-05-13T15:19:52.0000000Z
BAT,SmartAgriculture,90,2019-05-13T15:19:52.0000000Z
SOILTC,SmartAgriculture,24.63,2019-05-13T15:20:07.0000000Z
LUX,SmartAgriculture,286,2019-05-13T15:20:07.0000000Z
BAT,SmartAgriculture,90,2019-05-13T15:20:07.0000000Z
PRES,SmartCities,85154.04,2019-05-13T15:20:21.0000000Z
HUM,SmartCities,64.5,2019-05-13T15:20:21.0000000Z
TC,SmartCities,24.54,2019-05-13T15:20:21.0000000Z
BAT,SmartCities,85,2019-05-13T15:20:21.0000000Z
SOILTC,SmartAgriculture,24.63,2019-05-13T15:20:22.0000000Z
LUX,SmartAgriculture,286,2019-05-13T15:20:22.0000000Z
BAT,SmartAgriculture,90,2019-05-13T15:20:22.0000000Z
NOISE,SmartCities,60.69,2019-05-13T15:20:31.0000000Z
US,SmartCities,66,2019-05-13T15:20:31.0000000Z
PM10,SmartCities,6.88,2019-05-13T15:20:31.0000000Z
PM2_5,SmartCities,6.44,2019-05-13T15:20:31.0000000Z
PM1,SmartCities,5.49,2019-05-13T15:20:31.0000000Z
SOILTC,SmartAgriculture,24.63,2019-05-13T15:20:37.0000000Z
LUX,SmartAgriculture,286,2019-05-13T15:20:37.0000000Z
BAT,SmartAgriculture,90,2019-05-13T15:20:37.0000000Z
SOILTC,SmartAgriculture,24.63,2019-05-13T15:20:53.0000000Z
LUX,SmartAgriculture,286,2019-05-13T15:20:53.0000000Z
BAT,SmartAgriculture,90,2019-05-13T15:20:53.0000000Z
SOILTC,SmartAgriculture,24.63,2019-05-13T15:21:08.0000000Z
LUX,SmartAgriculture,286,2019-05-13T15:21:08.0000000Z
BAT,SmartAgriculture,90,2019-05-13T15:21:08.0000000Z
PRES,SmartCities,85152.09,2019-05-13T15:21:22.0000000Z
HUM,SmartCities,64.5,2019-05-13T15:21:22.0000000Z
TC,SmartCities,24.55,2019-05-13T15:21:22.0000000Z
BAT,SmartCities,85,2019-05-13T15:21:22.0000000Z
SOILTC,SmartAgriculture,24.56,2019-05-13T15:21:23.0000000Z
LUX,SmartAgriculture,287,2019-05-13T15:21:23.0000000Z
BAT,SmartAgriculture,90,2019-05-13T15:21:23.0000000Z
NOISE,SmartCities,62.03,2019-05-13T15:21:32.0000000Z
US,SmartCities,765,2019-05-13T15:21:32.0000000Z
PM10,SmartCities,9.95,2019-05-13T15:21:32.0000000Z
PM2_5,SmartCities,6.89,2019-05-13T15:21:32.0000000Z
PM1,SmartCities,5.75,2019-05-13T15:21:32.0000000Z
SOILTC,SmartAgriculture,24.56,2019-05-13T15:21:38.0000000Z
LUX,SmartAgriculture,288,2019-05-13T15:21:38.0000000Z
BAT,SmartAgriculture,90,2019-05-13T15:21:38.0000000Z
SOILTC,SmartAgriculture,24.56,2019-05-13T15:21:53.0000000Z
LUX,SmartAgriculture,288,2019-05-13T15:21:53.0000000Z
BAT,SmartAgriculture,90,2019-05-13T15:21:53.0000000Z
SOILTC,SmartAgriculture,24.56,2019-05-13T15:22:08.0000000Z
LUX,SmartAgriculture,288,2019-05-13T15:22:08.0000000Z
BAT,SmartAgriculture,90,2019-05-13T15:22:08.0000000Z
PRES,SmartCities,85156.2,2019-05-13T15:22:23.0000000Z
HUM,SmartCities,64.1,2019-05-13T15:22:23.0000000Z
TC,SmartCities,24.55,2019-05-13T15:22:23.0000000Z
BAT,SmartCities,85,2019-05-13T15:22:23.0000000Z
SOILTC,SmartAgriculture,24.63,2019-05-13T15:22:23.0000000Z
LUX,SmartAgriculture,288,2019-05-13T15:22:23.0000000Z
BAT,SmartAgriculture,90,2019-05-13T15:22:23.0000000Z
NOISE,SmartCities,61.9,2019-05-13T15:22:36.0000000Z
US,SmartCities,765,2019-05-13T15:22:36.0000000Z
PM10,SmartCities,7.48,2019-05-13T15:22:36.0000000Z
PM2_5,SmartCities,6.81,2019-05-13T15:22:36.0000000Z
PM1,SmartCities,5.53,2019-05-13T15:22:36.0000000Z
SOILTC,SmartAgriculture,24.63,2019-05-13T15:22:38.0000000Z
LUX,SmartAgriculture,288,2019-05-13T15:22:38.0000000Z
BAT,SmartAgriculture,90,2019-05-13T15:22:38.0000000Z
SOILTC,SmartAgriculture,24.63,2019-05-13T15:22:54.0000000Z
LUX,SmartAgriculture,289,2019-05-13T15:22:54.0000000Z
BAT,SmartAgriculture,90,2019-05-13T15:22:54.0000000Z
SOILTC,SmartAgriculture,24.56,2019-05-13T15:23:09.0000000Z
LUX,SmartAgriculture,289,2019-05-13T15:23:09.0000000Z
BAT,SmartAgriculture,90,2019-05-13T15:23:09.0000000Z
PRES,SmartCities,85145.86,2019-05-13T15:23:23.0000000Z
HUM,SmartCities,64.5,2019-05-13T15:23:23.0000000Z
TC,SmartCities,24.58,2019-05-13T15:23:23.0000000Z
BAT,SmartCities,85,2019-05-13T15:23:23.0000000Z
SOILTC,SmartAgriculture,24.63,2019-05-13T15:23:24.0000000Z
LUX,SmartAgriculture,289,2019-05-13T15:23:24.0000000Z
BAT,SmartAgriculture,90,2019-05-13T15:23:24.0000000Z
NOISE,SmartCities,59.75,2019-05-13T15:23:37.0000000Z
US,SmartCities,765,2019-05-13T15:23:37.0000000Z
PM10,SmartCities,12.13,2019-05-13T15:23:37.0000000Z
PM2_5,SmartCities,6.9,2019-05-13T15:23:37.0000000Z
PM1,SmartCities,5.93,2019-05-13T15:23:37.0000000Z
SOILTC,SmartAgriculture,24.63,2019-05-13T15:23:39.0000000Z
LUX,SmartAgriculture,289,2019-05-13T15:23:39.0000000Z
BAT,SmartAgriculture,90,2019-05-13T15:23:39.0000000Z
SOILTC,SmartAgriculture,24.63,2019-05-13T15:23:54.0000000Z
LUX,SmartAgriculture,289,2019-05-13T15:23:54.0000000Z
BAT,SmartAgriculture,90,2019-05-13T15:23:54.0000000Z
SOILTC,SmartAgriculture,24.63,2019-05-13T15:24:09.0000000Z
LUX,SmartAgriculture,289,2019-05-13T15:24:09.0000000Z
BAT,SmartAgriculture,90,2019-05-13T15:24:09.0000000Z
PRES,SmartCities,85143.91,2019-05-13T15:24:24.0000000Z
HUM,SmartCities,64.5,2019-05-13T15:24:24.0000000Z
TC,SmartCities,24.58,2019-05-13T15:24:24.0000000Z
BAT,SmartCities,85,2019-05-13T15:24:24.0000000Z
SOILTC,SmartAgriculture,24.63,2019-05-13T15:24:24.0000000Z
LUX,SmartAgriculture,289,2019-05-13T15:24:24.0000000Z
BAT,SmartAgriculture,90,2019-05-13T15:24:24.0000000Z
NOISE,SmartCities,64.07,2019-05-13T15:24:34.0000000Z
US,SmartCities,765,2019-05-13T15:24:34.0000000Z
PM10,SmartCities,5.71,2019-05-13T15:24:34.0000000Z
PM2_5,SmartCities,5.68,2019-05-13T15:24:34.0000000Z
PM1,SmartCities,5.02,2019-05-13T15:24:34.0000000Z
SOILTC,SmartAgriculture,24.63,2019-05-13T15:24:39.0000000Z
LUX,SmartAgriculture,290,2019-05-13T15:24:39.0000000Z
BAT,SmartAgriculture,90,2019-05-13T15:24:39.0000000Z
SOILTC,SmartAgriculture,24.63,2019-05-13T15:24:55.0000000Z
LUX,SmartAgriculture,290,2019-05-13T15:24:55.0000000Z
BAT,SmartAgriculture,90,2019-05-13T15:24:55.0000000Z
SOILTC,SmartAgriculture,24.63,2019-05-13T15:25:10.0000000Z
LUX,SmartAgriculture,289,2019-05-13T15:25:10.0000000Z
BAT,SmartAgriculture,90,2019-05-13T15:25:10.0000000Z
PRES,SmartCities,85142.71,2019-05-13T15:25:21.0000000Z
HUM,SmartCities,64.5,2019-05-13T15:25:21.0000000Z
TC,SmartCities,24.59,2019-05-13T15:25:21.0000000Z
BAT,SmartCities,85,2019-05-13T15:25:21.0000000Z
SOILTC,SmartAgriculture,24.63,2019-05-13T15:25:25.0000000Z
LUX,SmartAgriculture,290,2019-05-13T15:25:25.0000000Z
BAT,SmartAgriculture,90,2019-05-13T15:25:25.0000000Z
NOISE,SmartCities,64.7,2019-05-13T15:25:32.0000000Z
US,SmartCities,765,2019-05-13T15:25:32.0000000Z
PM10,SmartCities,6.8,2019-05-13T15:25:32.0000000Z
PM2_5,SmartCities,6.44,2019-05-13T15:25:32.0000000Z
PM1,SmartCities,5.31,2019-05-13T15:25:32.0000000Z
SOILTC,SmartAgriculture,24.63,2019-05-13T15:25:40.0000000Z
LUX,SmartAgriculture,290,2019-05-13T15:25:40.0000000Z
BAT,SmartAgriculture,90,2019-05-13T15:25:40.0000000Z
SOILTC,SmartAgriculture,24.63,2019-05-13T15:25:55.0000000Z
LUX,SmartAgriculture,289,2019-05-13T15:25:55.0000000Z
BAT,SmartAgriculture,90,2019-05-13T15:25:55.0000000Z
SOILTC,SmartAgriculture,24.63,2019-05-13T15:26:10.0000000Z
LUX,SmartAgriculture,289,2019-05-13T15:26:10.0000000Z
BAT,SmartAgriculture,90,2019-05-13T15:26:10.0000000Z
PRES,SmartCities,85147.55,2019-05-13T15:26:18.0000000Z
HUM,SmartCities,64.7,2019-05-13T15:26:18.0000000Z
TC,SmartCities,24.6,2019-05-13T15:26:18.0000000Z
BAT,SmartCities,85,2019-05-13T15:26:18.0000000Z
SOILTC,SmartAgriculture,24.63,2019-05-13T15:26:25.0000000Z
LUX,SmartAgriculture,289,2019-05-13T15:26:25.0000000Z
BAT,SmartAgriculture,90,2019-05-13T15:26:25.0000000Z
NOISE,SmartCities,62.06,2019-05-13T15:26:29.0000000Z
US,SmartCities,765,2019-05-13T15:26:29.0000000Z
PM10,SmartCities,9.29,2019-05-13T15:26:29.0000000Z
PM2_5,SmartCities,6.33,2019-05-13T15:26:29.0000000Z
PM1,SmartCities,5.35,2019-05-13T15:26:29.0000000Z
SOILTC,SmartAgriculture,24.63,2019-05-13T15:26:40.0000000Z
LUX,SmartAgriculture,290,2019-05-13T15:26:40.0000000Z
BAT,SmartAgriculture,90,2019-05-13T15:26:40.0000000Z
SOILTC,SmartAgriculture,24.63,2019-05-13T15:26:56.0000000Z
LUX,SmartAgriculture,290,2019-05-13T15:26:56.0000000Z
BAT,SmartAgriculture,90,2019-05-13T15:26:55.0000000Z
SOILTC,SmartAgriculture,24.63,2019-05-13T15:27:11.0000000Z
LUX,SmartAgriculture,290,2019-05-13T15:27:11.0000000Z
BAT,SmartAgriculture,90,2019-05-13T15:27:11.0000000Z
PRES,SmartCities,85144.91,2019-05-13T15:27:15.0000000Z
HUM,SmartCities,64.8,2019-05-13T15:27:15.0000000Z
TC,SmartCities,24.6,2019-05-13T15:27:15.0000000Z
BAT,SmartCities,85,2019-05-13T15:27:15.0000000Z
NOISE,SmartCities,64.46,2019-05-13T15:27:26.0000000Z
US,SmartCities,765,2019-05-13T15:27:26.0000000Z
PM10,SmartCities,6.17,2019-05-13T15:27:26.0000000Z
PM2_5,SmartCities,5.74,2019-05-13T15:27:26.0000000Z
PM1,SmartCities,4.84,2019-05-13T15:27:26.0000000Z
SOILTC,SmartAgriculture,24.69,2019-05-13T15:27:26.0000000Z
LUX,SmartAgriculture,290,2019-05-13T15:27:26.0000000Z
BAT,SmartAgriculture,90,2019-05-13T15:27:26.0000000Z
SOILTC,SmartAgriculture,24.63,2019-05-13T15:27:41.0000000Z
LUX,SmartAgriculture,290,2019-05-13T15:27:41.0000000Z
BAT,SmartAgriculture,90,2019-05-13T15:27:41.0000000Z
SOILTC,SmartAgriculture,24.69,2019-05-13T15:27:56.0000000Z
LUX,SmartAgriculture,290,2019-05-13T15:27:56.0000000Z
BAT,SmartAgriculture,90,2019-05-13T15:27:56.0000000Z
SOILTC,SmartAgriculture,24.63,2019-05-13T15:28:11.0000000Z
LUX,SmartAgriculture,293,2019-05-13T15:28:11.0000000Z
BAT,SmartAgriculture,90,2019-05-13T15:28:11.0000000Z
PRES,SmartCities,85148.52,2019-05-13T15:28:13.0000000Z
HUM,SmartCities,64.4,2019-05-13T15:28:13.0000000Z
TC,SmartCities,24.63,2019-05-13T15:28:13.0000000Z
BAT,SmartCities,84,2019-05-13T15:28:13.0000000Z
NOISE,SmartCities,61.74,2019-05-13T15:28:23.0000000Z
US,SmartCities,765,2019-05-13T15:28:23.0000000Z
PM10,SmartCities,6.63,2019-05-13T15:28:23.0000000Z
PM2_5,SmartCities,5.91,2019-05-13T15:28:23.0000000Z
PM1,SmartCities,5.02,2019-05-13T15:28:23.0000000Z
SOILTC,SmartAgriculture,24.63,2019-05-13T15:28:26.0000000Z
LUX,SmartAgriculture,294,2019-05-13T15:28:26.0000000Z
BAT,SmartAgriculture,90,2019-05-13T15:28:26.0000000Z
SOILTC,SmartAgriculture,24.63,2019-05-13T15:28:41.0000000Z
LUX,SmartAgriculture,294,2019-05-13T15:28:41.0000000Z
BAT,SmartAgriculture,90,2019-05-13T15:28:41.0000000Z
SOILTC,SmartAgriculture,24.63,2019-05-13T15:28:56.0000000Z
LUX,SmartAgriculture,294,2019-05-13T15:28:56.0000000Z
BAT,SmartAgriculture,90,2019-05-13T15:28:56.0000000Z
PRES,SmartCities,85149.25,2019-05-13T15:29:13.0000000Z
HUM,SmartCities,64.9,2019-05-13T15:29:13.0000000Z
TC,SmartCities,24.64,2019-05-13T15:29:13.0000000Z
BAT,SmartCities,84,2019-05-13T15:29:13.0000000Z
SOILTC,SmartAgriculture,24.63,2019-05-13T15:29:12.0000000Z
LUX,SmartAgriculture,294,2019-05-13T15:29:12.0000000Z
BAT,SmartAgriculture,90,2019-05-13T15:29:12.0000000Z
NOISE,SmartCities,59.06,2019-05-13T15:29:24.0000000Z
US,SmartCities,765,2019-05-13T15:29:24.0000000Z
PM10,SmartCities,5.61,2019-05-13T15:29:24.0000000Z
PM2_5,SmartCities,5.47,2019-05-13T15:29:24.0000000Z
PM1,SmartCities,4.62,2019-05-13T15:29:24.0000000Z
SOILTC,SmartAgriculture,24.63,2019-05-13T15:29:27.0000000Z
LUX,SmartAgriculture,294,2019-05-13T15:29:27.0000000Z
BAT,SmartAgriculture,90,2019-05-13T15:29:27.0000000Z
SOILTC,SmartAgriculture,24.63,2019-05-13T15:29:42.0000000Z
LUX,SmartAgriculture,294,2019-05-13T15:29:42.0000000Z
BAT,SmartAgriculture,89,2019-05-13T15:29:42.0000000Z
SOILTC,SmartAgriculture,24.63,2019-05-13T15:29:57.0000000Z
LUX,SmartAgriculture,294,2019-05-13T15:29:57.0000000Z
BAT,SmartAgriculture,90,2019-05-13T15:29:57.0000000Z
PRES,SmartCities,85157.22,2019-05-13T15:30:11.0000000Z
HUM,SmartCities,64.9,2019-05-13T15:30:11.0000000Z
TC,SmartCities,24.64,2019-05-13T15:30:11.0000000Z
BAT,SmartCities,85,2019-05-13T15:30:11.0000000Z
SOILTC,SmartAgriculture,24.63,2019-05-13T15:30:12.0000000Z
LUX,SmartAgriculture,294,2019-05-13T15:30:12.0000000Z
BAT,SmartAgriculture,90,2019-05-13T15:30:12.0000000Z
NOISE,SmartCities,62.09,2019-05-13T15:30:21.0000000Z
US,SmartCities,765,2019-05-13T15:30:21.0000000Z
PM10,SmartCities,6,2019-05-13T15:30:21.0000000Z
PM2_5,SmartCities,5.78,2019-05-13T15:30:21.0000000Z
PM1,SmartCities,4.91,2019-05-13T15:30:21.0000000Z
SOILTC,SmartAgriculture,24.63,2019-05-13T15:30:27.0000000Z
LUX,SmartAgriculture,294,2019-05-13T15:30:27.0000000Z
BAT,SmartAgriculture,90,2019-05-13T15:30:27.0000000Z
SOILTC,SmartAgriculture,24.63,2019-05-13T15:30:42.0000000Z
LUX,SmartAgriculture,293,2019-05-13T15:30:42.0000000Z
BAT,SmartAgriculture,90,2019-05-13T15:30:42.0000000Z
SOILTC,SmartAgriculture,24.63,2019-05-13T15:30:57.0000000Z
LUX,SmartAgriculture,293,2019-05-13T15:30:57.0000000Z
BAT,SmartAgriculture,90,2019-05-13T15:30:57.0000000Z
PRES,SmartCities,85152.62,2019-05-13T15:31:08.0000000Z
HUM,SmartCities,64.8,2019-05-13T15:31:08.0000000Z
TC,SmartCities,24.65,2019-05-13T15:31:08.0000000Z
BAT,SmartCities,84,2019-05-13T15:31:08.0000000Z
SOILTC,SmartAgriculture,24.63,2019-05-13T15:31:13.0000000Z
LUX,SmartAgriculture,292,2019-05-13T15:31:13.0000000Z
BAT,SmartAgriculture,90,2019-05-13T15:31:13.0000000Z
NOISE,SmartCities,58.44,2019-05-13T15:31:19.0000000Z
US,SmartCities,765,2019-05-13T15:31:19.0000000Z
PM10,SmartCities,5.73,2019-05-13T15:31:19.0000000Z
PM2_5,SmartCities,5.62,2019-05-13T15:31:19.0000000Z
PM1,SmartCities,4.89,2019-05-13T15:31:19.0000000Z
SOILTC,SmartAgriculture,24.69,2019-05-13T15:31:28.0000000Z
LUX,SmartAgriculture,292,2019-05-13T15:31:28.0000000Z
BAT,SmartAgriculture,89,2019-05-13T15:31:28.0000000Z
SOILTC,SmartAgriculture,24.63,2019-05-13T15:31:43.0000000Z
LUX,SmartAgriculture,293,2019-05-13T15:31:43.0000000Z
BAT,SmartAgriculture,89,2019-05-13T15:31:43.0000000Z
SOILTC,SmartAgriculture,24.69,2019-05-13T15:31:58.0000000Z
LUX,SmartAgriculture,292,2019-05-13T15:31:58.0000000Z
BAT,SmartAgriculture,90,2019-05-13T15:31:58.0000000Z
PRES,SmartCities,85159.38,2019-05-13T15:32:05.0000000Z
HUM,SmartCities,64.7,2019-05-13T15:32:05.0000000Z
TC,SmartCities,24.65,2019-05-13T15:32:05.0000000Z
BAT,SmartCities,84,2019-05-13T15:32:05.0000000Z
NOISE,SmartCities,71.61,2019-05-13T15:32:16.0000000Z
US,SmartCities,765,2019-05-13T15:32:16.0000000Z
PM10,SmartCities,6.16,2019-05-13T15:32:16.0000000Z
PM2_5,SmartCities,5.74,2019-05-13T15:32:16.0000000Z
PM1,SmartCities,4.77,2019-05-13T15:32:16.0000000Z
SOILTC,SmartAgriculture,24.69,2019-05-13T15:32:13.0000000Z
LUX,SmartAgriculture,293,2019-05-13T15:32:13.0000000Z
BAT,SmartAgriculture,90,2019-05-13T15:32:13.0000000Z
SOILTC,SmartAgriculture,24.69,2019-05-13T15:32:28.0000000Z
LUX,SmartAgriculture,75,2019-05-13T15:32:28.0000000Z
BAT,SmartAgriculture,90,2019-05-13T15:32:28.0000000Z
SOILTC,SmartAgriculture,24.69,2019-05-13T15:32:43.0000000Z
LUX,SmartAgriculture,142,2019-05-13T15:32:43.0000000Z
BAT,SmartAgriculture,90,2019-05-13T15:32:43.0000000Z
SOILTC,SmartAgriculture,24.75,2019-05-13T15:32:58.0000000Z
LUX,SmartAgriculture,290,2019-05-13T15:32:58.0000000Z
BAT,SmartAgriculture,90,2019-05-13T15:32:58.0000000Z
PRES,SmartCities,85156.72,2019-05-13T15:33:02.0000000Z
HUM,SmartCities,64.5,2019-05-13T15:33:02.0000000Z
TC,SmartCities,24.66,2019-05-13T15:33:02.0000000Z
BAT,SmartCities,84,2019-05-13T15:33:02.0000000Z
NOISE,SmartCities,76.94,2019-05-13T15:33:13.0000000Z
US,SmartCities,765,2019-05-13T15:33:13.0000000Z
PM10,SmartCities,5.82,2019-05-13T15:33:13.0000000Z
PM2_5,SmartCities,5.72,2019-05-13T15:33:13.0000000Z
PM1,SmartCities,4.86,2019-05-13T15:33:13.0000000Z
SOILTC,SmartAgriculture,24.75,2019-05-13T15:33:14.0000000Z
LUX,SmartAgriculture,291,2019-05-13T15:33:14.0000000Z
BAT,SmartAgriculture,90,2019-05-13T15:33:14.0000000Z
SOILTC,SmartAgriculture,24.69,2019-05-13T15:33:29.0000000Z
LUX,SmartAgriculture,290,2019-05-13T15:33:29.0000000Z
BAT,SmartAgriculture,89,2019-05-13T15:33:29.0000000Z
SOILTC,SmartAgriculture,24.75,2019-05-13T15:33:44.0000000Z
LUX,SmartAgriculture,290,2019-05-13T15:33:44.0000000Z
BAT,SmartAgriculture,89,2019-05-13T15:33:44.0000000Z
PRES,SmartCities,85153.11,2019-05-13T15:34:00.0000000Z
HUM,SmartCities,64.2,2019-05-13T15:34:00.0000000Z
TC,SmartCities,24.68,2019-05-13T15:34:00.0000000Z
BAT,SmartCities,84,2019-05-13T15:34:00.0000000Z
SOILTC,SmartAgriculture,24.69,2019-05-13T15:33:59.0000000Z
LUX,SmartAgriculture,290,2019-05-13T15:33:59.0000000Z
BAT,SmartAgriculture,89,2019-05-13T15:33:59.0000000Z
NOISE,SmartCities,76.83,2019-05-13T15:34:10.0000000Z
US,SmartCities,765,2019-05-13T15:34:10.0000000Z
PM10,SmartCities,5.48,2019-05-13T15:34:10.0000000Z
PM2_5,SmartCities,5.14,2019-05-13T15:34:10.0000000Z
PM1,SmartCities,4.43,2019-05-13T15:34:10.0000000Z
SOILTC,SmartAgriculture,24.69,2019-05-13T15:34:14.0000000Z
LUX,SmartAgriculture,290,2019-05-13T15:34:14.0000000Z
BAT,SmartAgriculture,89,2019-05-13T15:34:14.0000000Z
SOILTC,SmartAgriculture,24.69,2019-05-13T15:34:29.0000000Z
LUX,SmartAgriculture,290,2019-05-13T15:34:29.0000000Z
BAT,SmartAgriculture,89,2019-05-13T15:34:29.0000000Z
SOILTC,SmartAgriculture,24.69,2019-05-13T15:34:44.0000000Z
LUX,SmartAgriculture,290,2019-05-13T15:34:44.0000000Z
BAT,SmartAgriculture,89,2019-05-13T15:34:44.0000000Z
PRES,SmartCities,85161.81,2019-05-13T15:35:00.0000000Z
HUM,SmartCities,64.1,2019-05-13T15:35:00.0000000Z
TC,SmartCities,24.68,2019-05-13T15:35:00.0000000Z
BAT,SmartCities,84,2019-05-13T15:35:00.0000000Z
SOILTC,SmartAgriculture,24.69,2019-05-13T15:34:59.0000000Z
LUX,SmartAgriculture,290,2019-05-13T15:34:59.0000000Z
BAT,SmartAgriculture,90,2019-05-13T15:34:59.0000000Z
NOISE,SmartCities,76.92,2019-05-13T15:35:11.0000000Z
US,SmartCities,765,2019-05-13T15:35:11.0000000Z
PM10,SmartCities,6.84,2019-05-13T15:35:11.0000000Z
PM2_5,SmartCities,5.97,2019-05-13T15:35:11.0000000Z
PM1,SmartCities,4.78,2019-05-13T15:35:11.0000000Z
SOILTC,SmartAgriculture,24.69,2019-05-13T15:35:15.0000000Z
LUX,SmartAgriculture,290,2019-05-13T15:35:15.0000000Z
BAT,SmartAgriculture,89,2019-05-13T15:35:15.0000000Z
SOILTC,SmartAgriculture,24.69,2019-05-13T15:35:30.0000000Z
LUX,SmartAgriculture,290,2019-05-13T15:35:30.0000000Z
BAT,SmartAgriculture,89,2019-05-13T15:35:30.0000000Z
SOILTC,SmartAgriculture,24.69,2019-05-13T15:35:45.0000000Z
LUX,SmartAgriculture,289,2019-05-13T15:35:45.0000000Z
BAT,SmartAgriculture,90,2019-05-13T15:35:45.0000000Z
PRES,SmartCities,85146.35,2019-05-13T15:35:58.0000000Z
HUM,SmartCities,64.1,2019-05-13T15:35:58.0000000Z
TC,SmartCities,24.67,2019-05-13T15:35:58.0000000Z
BAT,SmartCities,84,2019-05-13T15:35:58.0000000Z
SOILTC,SmartAgriculture,24.69,2019-05-13T15:36:00.0000000Z
LUX,SmartAgriculture,289,2019-05-13T15:36:00.0000000Z
BAT,SmartAgriculture,89,2019-05-13T15:36:00.0000000Z
NOISE,SmartCities,77.19,2019-05-13T15:36:11.0000000Z
US,SmartCities,765,2019-05-13T15:36:11.0000000Z
PM10,SmartCities,5.5,2019-05-13T15:36:11.0000000Z
PM2_5,SmartCities,5.39,2019-05-13T15:36:11.0000000Z
PM1,SmartCities,4.62,2019-05-13T15:36:11.0000000Z
SOILTC,SmartAgriculture,24.69,2019-05-13T15:36:15.0000000Z
LUX,SmartAgriculture,289,2019-05-13T15:36:15.0000000Z
BAT,SmartAgriculture,90,2019-05-13T15:36:15.0000000Z
SOILTC,SmartAgriculture,24.63,2019-05-13T15:36:30.0000000Z
LUX,SmartAgriculture,290,2019-05-13T15:36:30.0000000Z
BAT,SmartAgriculture,90,2019-05-13T15:36:30.0000000Z
SOILTC,SmartAgriculture,24.63,2019-05-13T15:36:45.0000000Z
LUX,SmartAgriculture,290,2019-05-13T15:36:45.0000000Z
BAT,SmartAgriculture,89,2019-05-13T15:36:45.0000000Z
SOILTC,SmartAgriculture,24.63,2019-05-13T15:37:00.0000000Z
LUX,SmartAgriculture,290,2019-05-13T15:37:00.0000000Z
BAT,SmartAgriculture,90,2019-05-13T15:37:00.0000000Z
PRES,SmartCities,85153.6,2019-05-13T15:37:02.0000000Z
HUM,SmartCities,64.2,2019-05-13T15:37:02.0000000Z
TC,SmartCities,24.66,2019-05-13T15:37:02.0000000Z
BAT,SmartCities,84,2019-05-13T15:37:02.0000000Z
NOISE,SmartCities,76.75,2019-05-13T15:37:12.0000000Z
US,SmartCities,765,2019-05-13T15:37:12.0000000Z
PM10,SmartCities,5.91,2019-05-13T15:37:12.0000000Z
PM2_5,SmartCities,5.88,2019-05-13T15:37:12.0000000Z
PM1,SmartCities,5.1,2019-05-13T15:37:12.0000000Z
SOILTC,SmartAgriculture,24.63,2019-05-13T15:37:15.0000000Z
LUX,SmartAgriculture,290,2019-05-13T15:37:15.0000000Z
BAT,SmartAgriculture,89,2019-05-13T15:37:15.0000000Z
SOILTC,SmartAgriculture,24.63,2019-05-13T15:37:31.0000000Z
LUX,SmartAgriculture,290,2019-05-13T15:37:31.0000000Z
BAT,SmartAgriculture,89,2019-05-13T15:37:31.0000000Z
SOILTC,SmartAgriculture,24.63,2019-05-13T15:37:46.0000000Z
LUX,SmartAgriculture,289,2019-05-13T15:37:46.0000000Z
BAT,SmartAgriculture,89,2019-05-13T15:37:46.0000000Z
PRES,SmartCities,85153.36,2019-05-13T15:38:00.0000000Z
HUM,SmartCities,64.3,2019-05-13T15:38:00.0000000Z
TC,SmartCities,24.64,2019-05-13T15:38:00.0000000Z
BAT,SmartCities,84,2019-05-13T15:38:00.0000000Z
SOILTC,SmartAgriculture,24.63,2019-05-13T15:38:01.0000000Z
LUX,SmartAgriculture,288,2019-05-13T15:38:01.0000000Z
BAT,SmartAgriculture,89,2019-05-13T15:38:01.0000000Z
NOISE,SmartCities,75.52,2019-05-13T15:38:10.0000000Z
US,SmartCities,765,2019-05-13T15:38:10.0000000Z
PM10,SmartCities,5.91,2019-05-13T15:38:10.0000000Z
PM2_5,SmartCities,5.73,2019-05-13T15:38:10.0000000Z
PM1,SmartCities,4.9,2019-05-13T15:38:10.0000000Z
SOILTC,SmartAgriculture,24.63,2019-05-13T15:38:16.0000000Z
LUX,SmartAgriculture,289,2019-05-13T15:38:16.0000000Z
BAT,SmartAgriculture,89,2019-05-13T15:38:16.0000000Z
SOILTC,SmartAgriculture,24.63,2019-05-13T15:38:31.0000000Z
LUX,SmartAgriculture,289,2019-05-13T15:38:31.0000000Z
BAT,SmartAgriculture,89,2019-05-13T15:38:31.0000000Z
SOILTC,SmartAgriculture,24.63,2019-05-13T15:38:46.0000000Z
LUX,SmartAgriculture,289,2019-05-13T15:38:46.0000000Z
BAT,SmartAgriculture,89,2019-05-13T15:38:46.0000000Z
PRES,SmartCities,85149.97,2019-05-13T15:38:57.0000000Z
HUM,SmartCities,64.5,2019-05-13T15:38:57.0000000Z
TC,SmartCities,24.64,2019-05-13T15:38:57.0000000Z
BAT,SmartCities,84,2019-05-13T15:38:57.0000000Z
SOILTC,SmartAgriculture,24.63,2019-05-13T15:39:01.0000000Z
LUX,SmartAgriculture,289,2019-05-13T15:39:01.0000000Z
BAT,SmartAgriculture,89,2019-05-13T15:39:01.0000000Z
NOISE,SmartCities,78,2019-05-13T15:39:11.0000000Z
US,SmartCities,765,2019-05-13T15:39:11.0000000Z
PM10,SmartCities,6.96,2019-05-13T15:39:11.0000000Z
PM2_5,SmartCities,5.88,2019-05-13T15:39:11.0000000Z
PM1,SmartCities,5.1,2019-05-13T15:39:11.0000000Z
SOILTC,SmartAgriculture,24.63,2019-05-13T15:39:16.0000000Z
LUX,SmartAgriculture,289,2019-05-13T15:39:16.0000000Z
BAT,SmartAgriculture,89,2019-05-13T15:39:16.0000000Z
SOILTC,SmartAgriculture,24.63,2019-05-13T15:39:32.0000000Z
LUX,SmartAgriculture,289,2019-05-13T15:39:32.0000000Z
BAT,SmartAgriculture,89,2019-05-13T15:39:32.0000000Z
SOILTC,SmartAgriculture,24.63,2019-05-13T15:39:47.0000000Z
LUX,SmartAgriculture,289,2019-05-13T15:39:47.0000000Z
BAT,SmartAgriculture,89,2019-05-13T15:39:47.0000000Z
PRES,SmartCities,85150.45,2019-05-13T15:39:58.0000000Z
HUM,SmartCities,64.5,2019-05-13T15:39:57.0000000Z
TC,SmartCities,24.63,2019-05-13T15:39:57.0000000Z
BAT,SmartCities,84,2019-05-13T15:39:57.0000000Z
SOILTC,SmartAgriculture,24.63,2019-05-13T15:40:02.0000000Z
LUX,SmartAgriculture,290,2019-05-13T15:40:02.0000000Z
BAT,SmartAgriculture,89,2019-05-13T15:40:02.0000000Z
NOISE,SmartCities,77.39,2019-05-13T15:40:08.0000000Z
US,SmartCities,765,2019-05-13T15:40:08.0000000Z
PM10,SmartCities,6.3,2019-05-13T15:40:08.0000000Z
PM2_5,SmartCities,5.29,2019-05-13T15:40:08.0000000Z
PM1,SmartCities,4.71,2019-05-13T15:40:08.0000000Z
SOILTC,SmartAgriculture,24.63,2019-05-13T15:40:17.0000000Z
LUX,SmartAgriculture,289,2019-05-13T15:40:17.0000000Z
BAT,SmartAgriculture,89,2019-05-13T15:40:17.0000000Z
SOILTC,SmartAgriculture,24.63,2019-05-13T15:40:32.0000000Z
LUX,SmartAgriculture,289,2019-05-13T15:40:32.0000000Z
BAT,SmartAgriculture,89,2019-05-13T15:40:32.0000000Z
SOILTC,SmartAgriculture,24.63,2019-05-13T15:40:47.0000000Z
LUX,SmartAgriculture,289,2019-05-13T15:40:47.0000000Z
BAT,SmartAgriculture,89,2019-05-13T15:40:47.0000000Z
PRES,SmartCities,85149.72,2019-05-13T15:40:58.0000000Z
HUM,SmartCities,64.4,2019-05-13T15:40:58.0000000Z
TC,SmartCities,24.63,2019-05-13T15:40:58.0000000Z
BAT,SmartCities,84,2019-05-13T15:40:57.0000000Z
SOILTC,SmartAgriculture,24.63,2019-05-13T15:41:02.0000000Z
LUX,SmartAgriculture,289,2019-05-13T15:41:02.0000000Z
BAT,SmartAgriculture,89,2019-05-13T15:41:02.0000000Z
NOISE,SmartCities,78.11,2019-05-13T15:41:08.0000000Z
US,SmartCities,765,2019-05-13T15:41:08.0000000Z
PM10,SmartCities,5.76,2019-05-13T15:41:08.0000000Z
PM2_5,SmartCities,5.66,2019-05-13T15:41:08.0000000Z
PM1,SmartCities,4.94,2019-05-13T15:41:08.0000000Z
SOILTC,SmartAgriculture,24.63,2019-05-13T15:41:18.0000000Z
LUX,SmartAgriculture,289,2019-05-13T15:41:18.0000000Z
BAT,SmartAgriculture,89,2019-05-13T15:41:18.0000000Z
SOILTC,SmartAgriculture,24.63,2019-05-13T15:41:33.0000000Z
LUX,SmartAgriculture,289,2019-05-13T15:41:33.0000000Z
BAT,SmartAgriculture,89,2019-05-13T15:41:33.0000000Z
SOILTC,SmartAgriculture,24.63,2019-05-13T15:41:48.0000000Z
LUX,SmartAgriculture,289,2019-05-13T15:41:48.0000000Z
BAT,SmartAgriculture,89,2019-05-13T15:41:48.0000000Z
PRES,SmartCities,85149.72,2019-05-13T15:41:55.0000000Z
HUM,SmartCities,64.5,2019-05-13T15:41:55.0000000Z
TC,SmartCities,24.63,2019-05-13T15:41:55.0000000Z
BAT,SmartCities,84,2019-05-13T15:41:55.0000000Z
NOISE,SmartCities,77.27,2019-05-13T15:42:05.0000000Z
US,SmartCities,765,2019-05-13T15:42:05.0000000Z
PM10,SmartCities,6.2,2019-05-13T15:42:05.0000000Z
PM2_5,SmartCities,6.08,2019-05-13T15:42:05.0000000Z
PM1,SmartCities,5.18,2019-05-13T15:42:05.0000000Z
SOILTC,SmartAgriculture,24.63,2019-05-13T15:42:03.0000000Z
LUX,SmartAgriculture,289,2019-05-13T15:42:03.0000000Z
BAT,SmartAgriculture,89,2019-05-13T15:42:03.0000000Z
SOILTC,SmartAgriculture,24.63,2019-05-13T15:42:18.0000000Z
LUX,SmartAgriculture,289,2019-05-13T15:42:18.0000000Z
BAT,SmartAgriculture,89,2019-05-13T15:42:18.0000000Z
SOILTC,SmartAgriculture,24.63,2019-05-13T15:42:33.0000000Z
LUX,SmartAgriculture,290,2019-05-13T15:42:33.0000000Z
BAT,SmartAgriculture,89,2019-05-13T15:42:33.0000000Z
SOILTC,SmartAgriculture,24.63,2019-05-13T15:42:48.0000000Z
LUX,SmartAgriculture,292,2019-05-13T15:42:48.0000000Z
BAT,SmartAgriculture,89,2019-05-13T15:42:48.0000000Z
PRES,SmartCities,85152.13,2019-05-13T15:42:56.0000000Z
HUM,SmartCities,64.4,2019-05-13T15:42:56.0000000Z
TC,SmartCities,24.61,2019-05-13T15:42:56.0000000Z
BAT,SmartCities,84,2019-05-13T15:42:56.0000000Z
NOISE,SmartCities,77.82,2019-05-13T15:43:06.0000000Z
US,SmartCities,765,2019-05-13T15:43:06.0000000Z
PM10,SmartCities,6.33,2019-05-13T15:43:06.0000000Z
PM2_5,SmartCities,5.78,2019-05-13T15:43:06.0000000Z
PM1,SmartCities,4.75,2019-05-13T15:43:06.0000000Z
SOILTC,SmartAgriculture,24.63,2019-05-13T15:43:03.0000000Z
LUX,SmartAgriculture,291,2019-05-13T15:43:03.0000000Z
BAT,SmartAgriculture,89,2019-05-13T15:43:03.0000000Z
SOILTC,SmartAgriculture,24.63,2019-05-13T15:43:19.0000000Z
LUX,SmartAgriculture,290,2019-05-13T15:43:19.0000000Z
BAT,SmartAgriculture,89,2019-05-13T15:43:19.0000000Z
SOILTC,SmartAgriculture,24.63,2019-05-13T15:43:34.0000000Z
LUX,SmartAgriculture,290,2019-05-13T15:43:34.0000000Z
BAT,SmartAgriculture,89,2019-05-13T15:43:34.0000000Z
SOILTC,SmartAgriculture,24.63,2019-05-13T15:43:49.0000000Z
LUX,SmartAgriculture,290,2019-05-13T15:43:49.0000000Z
BAT,SmartAgriculture,89,2019-05-13T15:43:49.0000000Z
PRES,SmartCities,85148.02,2019-05-13T15:43:54.0000000Z
HUM,SmartCities,64.4,2019-05-13T15:43:54.0000000Z
TC,SmartCities,24.59,2019-05-13T15:43:54.0000000Z
BAT,SmartCities,83,2019-05-13T15:43:54.0000000Z
NOISE,SmartCities,77.97,2019-05-13T15:44:04.0000000Z
US,SmartCities,765,2019-05-13T15:44:04.0000000Z
PM10,SmartCities,6.05,2019-05-13T15:44:04.0000000Z
PM2_5,SmartCities,5.94,2019-05-13T15:44:04.0000000Z
PM1,SmartCities,5.15,2019-05-13T15:44:04.0000000Z
SOILTC,SmartAgriculture,24.63,2019-05-13T15:44:04.0000000Z
LUX,SmartAgriculture,289,2019-05-13T15:44:04.0000000Z
BAT,SmartAgriculture,89,2019-05-13T15:44:04.0000000Z
SOILTC,SmartAgriculture,24.56,2019-05-13T15:44:19.0000000Z
LUX,SmartAgriculture,290,2019-05-13T15:44:19.0000000Z
BAT,SmartAgriculture,89,2019-05-13T15:44:19.0000000Z
SOILTC,SmartAgriculture,24.63,2019-05-13T15:44:34.0000000Z
LUX,SmartAgriculture,290,2019-05-13T15:44:34.0000000Z
BAT,SmartAgriculture,89,2019-05-13T15:44:34.0000000Z
SOILTC,SmartAgriculture,24.63,2019-05-13T15:44:49.0000000Z
LUX,SmartAgriculture,290,2019-05-13T15:44:49.0000000Z
BAT,SmartAgriculture,89,2019-05-13T15:44:49.0000000Z
PRES,SmartCities,85148.02,2019-05-13T15:44:55.0000000Z
HUM,SmartCities,64.5,2019-05-13T15:44:55.0000000Z
TC,SmartCities,24.59,2019-05-13T15:44:55.0000000Z
BAT,SmartCities,83,2019-05-13T15:44:55.0000000Z
NOISE,SmartCities,77.78,2019-05-13T15:45:05.0000000Z
US,SmartCities,765,2019-05-13T15:45:05.0000000Z
PM10,SmartCities,5.02,2019-05-13T15:45:05.0000000Z
PM2_5,SmartCities,4.93,2019-05-13T15:45:05.0000000Z
PM1,SmartCities,4.31,2019-05-13T15:45:05.0000000Z
SOILTC,SmartAgriculture,24.63,2019-05-13T15:45:04.0000000Z
LUX,SmartAgriculture,292,2019-05-13T15:45:04.0000000Z
BAT,SmartAgriculture,89,2019-05-13T15:45:04.0000000Z
SOILTC,SmartAgriculture,24.63,2019-05-13T15:45:20.0000000Z
LUX,SmartAgriculture,293,2019-05-13T15:45:20.0000000Z
BAT,SmartAgriculture,89,2019-05-13T15:45:20.0000000Z
SOILTC,SmartAgriculture,24.63,2019-05-13T15:45:35.0000000Z
LUX,SmartAgriculture,293,2019-05-13T15:45:35.0000000Z
BAT,SmartAgriculture,89,2019-05-13T15:45:35.0000000Z
SOILTC,SmartAgriculture,24.63,2019-05-13T15:45:50.0000000Z
LUX,SmartAgriculture,293,2019-05-13T15:45:50.0000000Z
BAT,SmartAgriculture,89,2019-05-13T15:45:50.0000000Z
PRES,SmartCities,85153.82,2019-05-13T15:45:56.0000000Z
HUM,SmartCities,64.6,2019-05-13T15:45:56.0000000Z
TC,SmartCities,24.58,2019-05-13T15:45:56.0000000Z
BAT,SmartCities,84,2019-05-13T15:45:56.0000000Z
NOISE,SmartCities,76.25,2019-05-13T15:46:06.0000000Z
US,SmartCities,765,2019-05-13T15:46:06.0000000Z
PM10,SmartCities,10.4,2019-05-13T15:46:06.0000000Z
PM2_5,SmartCities,6.17,2019-05-13T15:46:06.0000000Z
PM1,SmartCities,5.09,2019-05-13T15:46:06.0000000Z
SOILTC,SmartAgriculture,24.63,2019-05-13T15:46:05.0000000Z
LUX,SmartAgriculture,294,2019-05-13T15:46:05.0000000Z
BAT,SmartAgriculture,89,2019-05-13T15:46:05.0000000Z
SOILTC,SmartAgriculture,24.56,2019-05-13T15:46:20.0000000Z
LUX,SmartAgriculture,294,2019-05-13T15:46:20.0000000Z
BAT,SmartAgriculture,89,2019-05-13T15:46:20.0000000Z
SOILTC,SmartAgriculture,24.63,2019-05-13T15:46:35.0000000Z
LUX,SmartAgriculture,293,2019-05-13T15:46:35.0000000Z
BAT,SmartAgriculture,89,2019-05-13T15:46:35.0000000Z
SOILTC,SmartAgriculture,24.63,2019-05-13T15:46:50.0000000Z
LUX,SmartAgriculture,294,2019-05-13T15:46:50.0000000Z
BAT,SmartAgriculture,89,2019-05-13T15:46:50.0000000Z
PRES,SmartCities,85156.47,2019-05-13T15:46:54.0000000Z
HUM,SmartCities,65,2019-05-13T15:46:54.0000000Z
TC,SmartCities,24.58,2019-05-13T15:46:54.0000000Z
BAT,SmartCities,83,2019-05-13T15:46:54.0000000Z
NOISE,SmartCities,77.55,2019-05-13T15:47:04.0000000Z
US,SmartCities,765,2019-05-13T15:47:04.0000000Z
PM10,SmartCities,6.16,2019-05-13T15:47:04.0000000Z
PM2_5,SmartCities,6.03,2019-05-13T15:47:04.0000000Z
PM1,SmartCities,5.03,2019-05-13T15:47:04.0000000Z
SOILTC,SmartAgriculture,24.56,2019-05-13T15:47:05.0000000Z
LUX,SmartAgriculture,293,2019-05-13T15:47:05.0000000Z
BAT,SmartAgriculture,89,2019-05-13T15:47:05.0000000Z
SOILTC,SmartAgriculture,24.63,2019-05-13T15:47:21.0000000Z
LUX,SmartAgriculture,293,2019-05-13T15:47:21.0000000Z
BAT,SmartAgriculture,89,2019-05-13T15:47:21.0000000Z
SOILTC,SmartAgriculture,24.56,2019-05-13T15:47:36.0000000Z
LUX,SmartAgriculture,293,2019-05-13T15:47:36.0000000Z
BAT,SmartAgriculture,89,2019-05-13T15:47:36.0000000Z
SOILTC,SmartAgriculture,24.56,2019-05-13T15:47:51.0000000Z
LUX,SmartAgriculture,293,2019-05-13T15:47:51.0000000Z
BAT,SmartAgriculture,89,2019-05-13T15:47:51.0000000Z
PRES,SmartCities,85158.39,2019-05-13T15:47:52.0000000Z
HUM,SmartCities,64.7,2019-05-13T15:47:52.0000000Z
TC,SmartCities,24.57,2019-05-13T15:47:52.0000000Z
BAT,SmartCities,83,2019-05-13T15:47:52.0000000Z
NOISE,SmartCities,77.89,2019-05-13T15:48:02.0000000Z
US,SmartCities,765,2019-05-13T15:48:02.0000000Z
PM10,SmartCities,6.62,2019-05-13T15:48:02.0000000Z
PM2_5,SmartCities,5.48,2019-05-13T15:48:02.0000000Z
PM1,SmartCities,4.62,2019-05-13T15:48:02.0000000Z
SOILTC,SmartAgriculture,24.63,2019-05-13T15:48:06.0000000Z
LUX,SmartAgriculture,293,2019-05-13T15:48:06.0000000Z
BAT,SmartAgriculture,89,2019-05-13T15:48:06.0000000Z
SOILTC,SmartAgriculture,24.56,2019-05-13T15:48:21.0000000Z
LUX,SmartAgriculture,288,2019-05-13T15:48:21.0000000Z
BAT,SmartAgriculture,89,2019-05-13T15:48:21.0000000Z
SOILTC,SmartAgriculture,24.63,2019-05-13T15:48:36.0000000Z
LUX,SmartAgriculture,273,2019-05-13T15:48:36.0000000Z
BAT,SmartAgriculture,89,2019-05-13T15:48:36.0000000Z
PRES,SmartCities,85152.34,2019-05-13T15:48:49.0000000Z
HUM,SmartCities,64.7,2019-05-13T15:48:49.0000000Z
TC,SmartCities,24.57,2019-05-13T15:48:49.0000000Z
BAT,SmartCities,83,2019-05-13T15:48:49.0000000Z
SOILTC,SmartAgriculture,24.63,2019-05-13T15:48:51.0000000Z
LUX,SmartAgriculture,292,2019-05-13T15:48:51.0000000Z
BAT,SmartAgriculture,89,2019-05-13T15:48:51.0000000Z
NOISE,SmartCities,76.51,2019-05-13T15:49:00.0000000Z
US,SmartCities,35,2019-05-13T15:49:00.0000000Z
PM10,SmartCities,6.09,2019-05-13T15:49:00.0000000Z
PM2_5,SmartCities,6,2019-05-13T15:49:00.0000000Z
PM1,SmartCities,5.22,2019-05-13T15:49:00.0000000Z
SOILTC,SmartAgriculture,24.63,2019-05-13T15:49:06.0000000Z
LUX,SmartAgriculture,293,2019-05-13T15:49:06.0000000Z
BAT,SmartAgriculture,89,2019-05-13T15:49:06.0000000Z
SOILTC,SmartAgriculture,24.63,2019-05-13T15:49:22.0000000Z
LUX,SmartAgriculture,293,2019-05-13T15:49:22.0000000Z
BAT,SmartAgriculture,89,2019-05-13T15:49:22.0000000Z
SOILTC,SmartAgriculture,24.63,2019-05-13T15:49:37.0000000Z
LUX,SmartAgriculture,293,2019-05-13T15:49:37.0000000Z
BAT,SmartAgriculture,89,2019-05-13T15:49:37.0000000Z
PRES,SmartCities,85153.82,2019-05-13T15:49:49.0000000Z
HUM,SmartCities,64.8,2019-05-13T15:49:49.0000000Z
TC,SmartCities,24.57,2019-05-13T15:49:49.0000000Z
BAT,SmartCities,83,2019-05-13T15:49:49.0000000Z
SOILTC,SmartAgriculture,24.63,2019-05-13T15:49:52.0000000Z
LUX,SmartAgriculture,293,2019-05-13T15:49:52.0000000Z
BAT,SmartAgriculture,89,2019-05-13T15:49:52.0000000Z
NOISE,SmartCities,77.68,2019-05-13T15:50:00.0000000Z
US,SmartCities,35,2019-05-13T15:50:00.0000000Z
PM10,SmartCities,5.3,2019-05-13T15:50:00.0000000Z
PM2_5,SmartCities,5.28,2019-05-13T15:50:00.0000000Z
PM1,SmartCities,4.59,2019-05-13T15:50:00.0000000Z
SOILTC,SmartAgriculture,24.63,2019-05-13T15:50:07.0000000Z
LUX,SmartAgriculture,293,2019-05-13T15:50:07.0000000Z
BAT,SmartAgriculture,89,2019-05-13T15:50:07.0000000Z
SOILTC,SmartAgriculture,24.63,2019-05-13T15:50:22.0000000Z
LUX,SmartAgriculture,293,2019-05-13T15:50:22.0000000Z
BAT,SmartAgriculture,89,2019-05-13T15:50:22.0000000Z
SOILTC,SmartAgriculture,24.63,2019-05-13T15:50:37.0000000Z
LUX,SmartAgriculture,293,2019-05-13T15:50:37.0000000Z
BAT,SmartAgriculture,89,2019-05-13T15:50:37.0000000Z
PRES,SmartCities,85151.17,2019-05-13T15:50:46.0000000Z
HUM,SmartCities,64.8,2019-05-13T15:50:46.0000000Z
TC,SmartCities,24.57,2019-05-13T15:50:46.0000000Z
BAT,SmartCities,83,2019-05-13T15:50:46.0000000Z
SOILTC,SmartAgriculture,24.63,2019-05-13T15:50:52.0000000Z
LUX,SmartAgriculture,293,2019-05-13T15:50:52.0000000Z
BAT,SmartAgriculture,89,2019-05-13T15:50:52.0000000Z
NOISE,SmartCities,76.57,2019-05-13T15:50:57.0000000Z
US,SmartCities,49,2019-05-13T15:50:57.0000000Z
PM10,SmartCities,6.26,2019-05-13T15:50:57.0000000Z
PM2_5,SmartCities,5.88,2019-05-13T15:50:57.0000000Z
PM1,SmartCities,4.7,2019-05-13T15:50:57.0000000Z
SOILTC,SmartAgriculture,24.63,2019-05-13T15:51:07.0000000Z
LUX,SmartAgriculture,293,2019-05-13T15:51:07.0000000Z
BAT,SmartAgriculture,89,2019-05-13T15:51:07.0000000Z
SOILTC,SmartAgriculture,24.63,2019-05-13T15:51:23.0000000Z
LUX,SmartAgriculture,293,2019-05-13T15:51:23.0000000Z
BAT,SmartAgriculture,89,2019-05-13T15:51:23.0000000Z
SOILTC,SmartAgriculture,24.63,2019-05-13T15:51:38.0000000Z
LUX,SmartAgriculture,294,2019-05-13T15:51:38.0000000Z
BAT,SmartAgriculture,89,2019-05-13T15:51:38.0000000Z
PRES,SmartCities,85147.31,2019-05-13T15:51:44.0000000Z
HUM,SmartCities,64.6,2019-05-13T15:51:44.0000000Z
TC,SmartCities,24.58,2019-05-13T15:51:44.0000000Z
BAT,SmartCities,83,2019-05-13T15:51:44.0000000Z
